{
    "28": {
        "Health": 0,
        "Eccentricity": 0.00026035308838,
        "TimeOfApplicability": 516096.0,
        "OrbitalInclination": 0.0217573603,
        "RateOfRightAscension": -7.06315135e-09,
        "SquareRootOfSemiMajorAxis": 5282.585449,
        "RightAscenAtWeek": -0.879704276,
        "ArgumentOfPerigee": -2.187094455,
        "MeanAnomaly": 2.737478223,
        "ClockTimeBiasCoefficient": 3.242493e-05,
        "ClockTimeDriftCoefficient": 3.63798e-12,
        "WeekNumber": 878
    },
    "19": {
        "Health": 0,
        "Eccentricity": 0.0005259513855,
        "TimeOfApplicability": 516096.0,
        "OrbitalInclination": 0.0282468181,
        "RateOfRightAscension": -6.8345704e-09,
        "SquareRootOfSemiMajorAxis": 5282.565918,
        "RightAscenAtWeek": 1.198629593,
        "ArgumentOfPerigee": -1.108802584,
        "MeanAnomaly": -2.742824311,
        "ClockTimeBiasCoefficient": -0.0009183884,
        "ClockTimeDriftCoefficient": 3.63798e-12,
        "WeekNumber": 878
    },
    "13": {
        "Health": 0,
        "Eccentricity": 0.0046172142029,
        "TimeOfApplicability": 512000.0,
        "OrbitalInclination": 0.0758601437,
        "RateOfRightAscension": -1.49720522e-09,
        "SquareRootOfSemiMajorAxis": 6493.78418,
        "RightAscenAtWeek": 0.228394235,
        "ArgumentOfPerigee": -2.525204643,
        "MeanAnomaly": -2.736967021,
        "ClockTimeBiasCoefficient": 0.0001249313,
        "ClockTimeDriftCoefficient": 1.09139e-11,
        "WeekNumber": 878
    },
    "11": {
        "Health": 0,
        "Eccentricity": 0.0022988319397,
        "TimeOfApplicability": 491520.0,
        "OrbitalInclination": 0.0460853369,
        "RateOfRightAscension": -6.67456374e-09,
        "SquareRootOfSemiMajorAxis": 5282.564453,
        "RightAscenAtWeek": -0.861038471,
        "ArgumentOfPerigee": -1.876359982,
        "MeanAnomaly": 0.345814547,
        "ClockTimeBiasCoefficient": -0.0003118515,
        "ClockTimeDriftCoefficient": 2.18279e-11,
        "WeekNumber": 878
    },
    "7": {
        "Health": 0,
        "Eccentricity": 0.0021977424622,
        "TimeOfApplicability": 516096.0,
        "OrbitalInclination": -0.0708267692,
        "RateOfRightAscension": -3.2001333e-09,
        "SquareRootOfSemiMajorAxis": 6493.57959,
        "RightAscenAtWeek": -1.925886664,
        "ArgumentOfPerigee": -2.7246948,
        "MeanAnomaly": 0.176499545,
        "ClockTimeBiasCoefficient": 0.0002593994,
        "ClockTimeDriftCoefficient": -5.45697e-11,
        "WeekNumber": 878
    },
    "2": {
        "Health": 0,
        "Eccentricity": 0.0024065971375,
        "TimeOfApplicability": 516096.0,
        "OrbitalInclination": 0.0218352578,
        "RateOfRightAscension": 2.05722855e-10,
        "SquareRootOfSemiMajorAxis": 6493.374512,
        "RightAscenAtWeek": 0.758592448,
        "ArgumentOfPerigee": -1.178052679,
        "MeanAnomaly": 1.820874893,
        "ClockTimeBiasCoefficient": 0.000500679,
        "ClockTimeDriftCoefficient": -7.63976e-11,
        "WeekNumber": 878
    },
    "20": {
        "Health": 0,
        "Eccentricity": 0.00043249130249,
        "TimeOfApplicability": 516096.0,
        "OrbitalInclination": 0.028240826,
        "RateOfRightAscension": -6.8345704e-09,
        "SquareRootOfSemiMajorAxis": 5282.568848,
        "RightAscenAtWeek": 1.199256892,
        "ArgumentOfPerigee": -0.261211162,
        "MeanAnomaly": -2.842898956,
        "ClockTimeBiasCoefficient": 0.0008468628,
        "ClockTimeDriftCoefficient": -1.09139e-11,
        "WeekNumber": 878
    },
    "12": {
        "Health": 0,
        "Eccentricity": 0.0013828277588,
        "TimeOfApplicability": 483328.0,
        "OrbitalInclination": 0.0445933009,
        "RateOfRightAscension": -6.68599278e-09,
        "SquareRootOfSemiMajorAxis": 5282.565918,
        "RightAscenAtWeek": -0.872944424,
        "ArgumentOfPerigee": -1.863843582,
        "MeanAnomaly": -0.005931817,
        "ClockTimeBiasCoefficient": 0.000287056,
        "ClockTimeDriftCoefficient": 1.45519e-11,
        "WeekNumber": 878
    },
    "18": {
        "Health": 0,
        "Eccentricity": -0.027080059052,
        "TimeOfApplicability": 593920.0,
        "OrbitalInclination": -0.0303979865,
        "RateOfRightAscension": -8.13633891e-08,
        "SquareRootOfSemiMajorAxis": 6457.621094,
        "RightAscenAtWeek": 0.477158281,
        "ArgumentOfPerigee": -1.820600005,
        "MeanAnomaly": 2.762462336,
        "ClockTimeBiasCoefficient": 0.0001754761,
        "ClockTimeDriftCoefficient": -2.4047e-09,
        "WeekNumber": 878
    },
    "29": {
        "Health": 0,
        "Eccentricity": 8.1062316895e-05,
        "TimeOfApplicability": 516096.0,
        "OrbitalInclination": 0.0202353638,
        "RateOfRightAscension": -7.10886754e-09,
        "SquareRootOfSemiMajorAxis": 5282.567871,
        "RightAscenAtWeek": -0.918623421,
        "ArgumentOfPerigee": 2.285264357,
        "MeanAnomaly": 2.234812268,
        "ClockTimeBiasCoefficient": 3.623962e-05,
        "ClockTimeDriftCoefficient": 3.63798e-12,
        "WeekNumber": 878
    },
    "30": {
        "Health": 1,
        "Eccentricity": 0.0003399848938,
        "TimeOfApplicability": 516096.0,
        "OrbitalInclination": 0.0201814347,
        "RateOfRightAscension": -7.10886754e-09,
        "SquareRootOfSemiMajorAxis": 5282.565918,
        "RightAscenAtWeek": -0.918111845,
        "ArgumentOfPerigee": 0.223459356,
        "MeanAnomaly": -1.172343319,
        "ClockTimeBiasCoefficient": 9.536743e-07,
        "ClockTimeDriftCoefficient": 0.0,
        "WeekNumber": 878
    },
    "5": {
        "Health": 0,
        "Eccentricity": 0.00084781646729,
        "TimeOfApplicability": 516096.0,
        "OrbitalInclination": 0.0325191943,
        "RateOfRightAscension": 0.0,
        "SquareRootOfSemiMajorAxis": 6493.431152,
        "RightAscenAtWeek": 0.560735891,
        "ArgumentOfPerigee": -0.606712247,
        "MeanAnomaly": 1.00541505,
        "ClockTimeBiasCoefficient": -3.33786e-05,
        "ClockTimeDriftCoefficient": 3.63798e-12,
        "WeekNumber": 878
    },
    "14": {
        "Health": 0,
        "Eccentricity": 0.0010027885437,
        "TimeOfApplicability": 499712.0,
        "OrbitalInclination": 0.0255204069,
        "RateOfRightAscension": -7.0517223e-09,
        "SquareRootOfSemiMajorAxis": 5282.564453,
        "RightAscenAtWeek": 1.198444961,
        "ArgumentOfPerigee": -0.303072434,
        "MeanAnomaly": -2.213924513,
        "ClockTimeBiasCoefficient": 0.0006256104,
        "ClockTimeDriftCoefficient": 3.27418e-11,
        "WeekNumber": 878
    },
    "9": {
        "Health": 0,
        "Eccentricity": 0.0099730491638,
        "TimeOfApplicability": 516096.0,
        "OrbitalInclination": 0.0083709811,
        "RateOfRightAscension": -1.8057895e-09,
        "SquareRootOfSemiMajorAxis": 6492.95459,
        "RightAscenAtWeek": 2.429187783,
        "ArgumentOfPerigee": -2.320247808,
        "MeanAnomaly": 1.429895922,
        "ClockTimeBiasCoefficient": -0.0008153915,
        "ClockTimeDriftCoefficient": 1.09139e-11,
        "WeekNumber": 878
    },
    "16": {
        "Health": 0,
        "Eccentricity": 0.0050163269043,
        "TimeOfApplicability": 516096.0,
        "OrbitalInclination": 0.0189530517,
        "RateOfRightAscension": -1.84007665e-09,
        "SquareRootOfSemiMajorAxis": 6493.512695,
        "RightAscenAtWeek": 2.377581463,
        "ArgumentOfPerigee": -2.365507731,
        "MeanAnomaly": 1.916525861,
        "ClockTimeBiasCoefficient": 0.0001211166,
        "ClockTimeDriftCoefficient": -3.63798e-12,
        "WeekNumber": 878
    },
    "6": {
        "Health": 0,
        "Eccentricity": 0.0030608177185,
        "TimeOfApplicability": 516096.0,
        "OrbitalInclination": 0.0034214962,
        "RateOfRightAscension": -1.87436379e-09,
        "SquareRootOfSemiMajorAxis": 6493.716309,
        "RightAscenAtWeek": 2.385580184,
        "ArgumentOfPerigee": -3.132181292,