{
    "23": {
        "Health": 1,
        "Eccentricity": 0.00024366378784,
        "TimeOfApplicability": 430080.0,
        "OrbitalInclination": 0.0034694331,
        "RateOfRightAscension": -6.8345704e-09,
        "SquareRootOfSemiMajorAxis": 5282.567871,
        "RightAscenAtWeek": 2.053469599,
        "ArgumentOfPerigee": 0.600150509,
        "MeanAnomaly": -0.922034057,
        "ClockTimeBiasCoefficient": -0.0008716583,
        "ClockTimeDriftCoefficient": 0.0,
        "WeekNumber": 888
    },
    "6": {
        "Health": 0,
        "Eccentricity": 0.0034599304199,
        "TimeOfApplicability": 430080.0,
        "OrbitalInclination": 0.0031158985,
        "RateOfRightAscension": -1.87436379e-09,
        "SquareRootOfSemiMajorAxis": 6492.993652,
        "RightAscenAtWeek": 1.169859963,
        "ArgumentOfPerigee": -3.125829653,
        "MeanAnomaly": -2.516403728,
        "ClockTimeBiasCoefficient": -0.0001850128,
        "ClockTimeDriftCoefficient": -3.63798e-12,
        "WeekNumber": 888
    },
    "3": {
        "Health": 0,
        "Eccentricity": 0.00080060958862,
        "TimeOfApplicability": 430080.0,
        "OrbitalInclination": 0.032609076,
        "RateOfRightAscension": 7.08600945e-10,
        "SquareRootOfSemiMajorAxis": 6493.325195,
        "RightAscenAtWeek": -0.649473459,
        "ArgumentOfPerigee": -0.168800804,
        "MeanAnomaly": 2.692393944,
        "ClockTimeBiasCoefficient": 6.580353e-05,
        "ClockTimeDriftCoefficient": 5.09317e-11,
        "WeekNumber": 888
    },
    "27": {
        "Health": 0,
        "Eccentricity": 0.00057363510132,
        "TimeOfApplicability": 430080.0,
        "OrbitalInclination": 0.0215176758,
        "RateOfRightAscension": -7.06315135e-09,
        "SquareRootOfSemiMajorAxis": 5282.572266,
        "RightAscenAtWeek": -2.125467826,
        "ArgumentOfPerigee": 1.007653853,
        "MeanAnomaly": 2.006883171,
        "ClockTimeBiasCoefficient": 8.106232e-05,
        "ClockTimeDriftCoefficient": 7.27596e-12,
        "WeekNumber": 888
    },
    "12": {
        "Health": 0,
        "Eccentricity": 0.0013146400452,
        "TimeOfApplicability": 430080.0,
        "OrbitalInclination": 0.0442038136,
        "RateOfRightAscension": -6.67456374e-09,
        "SquareRootOfSemiMajorAxis": 5282.56543,
        "RightAscenAtWeek": -2.117867955,
        "ArgumentOfPerigee": -1.654870159,
        "MeanAnomaly": 1.160243746,
        "ClockTimeBiasCoefficient": 0.0003948212,
        "ClockTimeDriftCoefficient": 2.18279e-11,
        "WeekNumber": 888
    },
    "21": {
        "Health": 0,
        "Eccentricity": 0.00055980682373,
        "TimeOfApplicability": 430080.0,
        "OrbitalInclination": 0.0290617454,
        "RateOfRightAscension": -6.72027993e-09,
        "SquareRootOfSemiMajorAxis": 5282.575684,
        "RightAscenAtWeek": -0.043404616,
        "ArgumentOfPerigee": -0.975054889,
        "MeanAnomaly": -1.237240144,
        "ClockTimeBiasCoefficient": -0.0009174347,
        "ClockTimeDriftCoefficient": 3.63798e-12,
        "WeekNumber": 888
    },
    "7": {
        "Health": 0,
        "Eccentricity": 0.0022706985474,
        "TimeOfApplicability": 430080.0,
        "OrbitalInclination": -0.0722289235,
        "RateOfRightAscension": -2.73154235e-09,
        "SquareRootOfSemiMajorAxis": 6492.746094,
        "RightAscenAtWeek": 3.139366209,
        "ArgumentOfPerigee": -2.712830792,
        "MeanAnomaly": 1.346296965,
        "ClockTimeBiasCoefficient": 2.479553e-05,
        "ClockTimeDriftCoefficient": -5.45697e-11,
        "WeekNumber": 888
    },
    "4": {
        "Health": 0,
        "Eccentricity": 0.00052118301392,
        "TimeOfApplicability": 430080.0,
        "OrbitalInclination": 0.016466325,
        "RateOfRightAscension": 1.01718523e-09,
        "SquareRootOfSemiMajorAxis": 6493.407715,
        "RightAscenAtWeek": -0.963618568,
        "ArgumentOfPerigee": 3.073740968,
        "MeanAnomaly": 0.628947852,
        "ClockTimeBiasCoefficient": -0.0002346039,
        "ClockTimeDriftCoefficient": 1.23691e-10,
        "WeekNumber": 888
    },
    "1": {
        "Health": 0,
        "Eccentricity": 0.00054407119751,
        "TimeOfApplicability": 430080.0,
        "OrbitalInclination": 0.0242740475,
        "RateOfRightAscension": 7.42888087e-10,
        "SquareRootOfSemiMajorAxis": 6493.440918,
        "RightAscenAtWeek": -0.470381951,
        "ArgumentOfPerigee": 2.435968607,
        "MeanAnomaly": 0.50390782,
        "ClockTimeBiasCoefficient": 0.0009202957,
        "ClockTimeDriftCoefficient": -3.63798e-12,
        "WeekNumber": 888
    },
    "11": {
        "Health": 0,
        "Eccentricity": 0.0022201538086,
        "TimeOfApplicability": 430080.0,
        "OrbitalInclination": 0.0456958496,
        "RateOfRightAscension": -6.66313469e-09,
        "SquareRootOfSemiMajorAxis": 5282.563965,
        "RightAscenAtWeek": -2.105822685,
        "ArgumentOfPerigee": -1.74655285,
        "MeanAnomaly": 0.482293522,
        "ClockTimeBiasCoefficient": -0.0001811981,
        "ClockTimeDriftCoefficient": 2.18279e-11,
        "WeekNumber": 888
    },
    "24": {
        "Health": 0,
        "Eccentricity": 0.00084733963013,
        "TimeOfApplicability": 430080.0,
        "OrbitalInclination": 0.003463441,
        "RateOfRightAscension": -6.82314135e-09,
        "SquareRootOfSemiMajorAxis": 5282.588867,
        "RightAscenAtWeek": 2.053280847,
        "ArgumentOfPerigee": 0.745816516,
        "MeanAnomaly": 0.536663328,
        "ClockTimeBiasCoefficient": -0.0005493164,
        "ClockTimeDriftCoefficient": 5.09317e-11,
        "WeekNumber": 888
    },
    "18": {
        "Health": 0,
        "Eccentricity": -0.027080059052,
        "TimeOfApplicability": 593920.0,
        "OrbitalInclination": -0.0303979865,
        "RateOfRightAscension": -8.13633891e-08,
        "SquareRootOfSemiMajorAxis": 6457.621094,
        "RightAscenAtWeek": 0.477158281,
        "ArgumentOfPerigee": -1.820600005,
        "MeanAnomaly": 2.762462336,
        "ClockTimeBiasCoefficient": 0.0001754761,
        "ClockTimeDriftCoefficient": -2.4047e-09,
        "WeekNumber": 885
    },
    "16": {
        "Health": 0,
        "Eccentricity": 0.0051093101501,
        "TimeOfApplicability": 430080.0,
        "OrbitalInclination": 0.0186714224,
        "RateOfRightAscension": -1.81721855e-09,
        "SquareRootOfSemiMajorAxis": 6493.965332,
        "RightAscenAtWeek": 1.162243239,
        "ArgumentOfPerigee": -2.371480369,
        "MeanAnomaly": 3.077943312,
        "ClockTimeBiasCoefficient": 8.296967e-05,
        "ClockTimeDriftCoefficient": -7.27596e-12,
        "WeekNumber": 888
    },
    "26": {
        "Health": 0,
        "Eccentricity": 0.00091791152954,
        "TimeOfApplicability": 430080.0,
        "OrbitalInclination": 0.0049315085,
        "RateOfRightAscension": -6.81171231e-09,
        "SquareRootOfSemiMajorAxis": 5282.570312,
        "RightAscenAtWeek": 2.029430367,
        "ArgumentOfPerigee": 0.607984072,
        "MeanAnomaly": 1.389965234,
        "ClockTimeBiasCoefficient": -6.389618e-05,
        "ClockTimeDriftCoefficient": -3.63798e-12,
        "WeekNumber": 888
    },
    "10": {
        "Health": 0,
        "Eccentricity": 0.0084648132324,
        "TimeOfApplicability": 430080.0,
        "OrbitalInclination": -0.0701316841,
        "RateOfRightAscension": -2.7201133e-09,
        "SquareRootOfSemiMajorAxis": 6493.066895,
        "RightAscenAtWeek": 3.133309682,
        "ArgumentOfPerigee": -2.444547814,
        "MeanAnomaly": 0.919671292,
        "ClockTimeBiasCoefficient": 3.33786e-05,
        "ClockTimeDriftCoefficient": -7.27596e-12,
        "WeekNumber": 888
    },
    "19": {
        "Health": 0,
        "Eccentricity": 0.00078535079956,
        "TimeOfApplicability": 430080.0,
        "OrbitalInclination": 0.0297927831,
        "RateOfRightAscension": -6.70885088e-09,
        "SquareRootOfSemiMajorAxis": 5282.57666,
        "RightAscenAtWeek": -0.045349431,