{
    "13": {
        "Health": 0,
        "Eccentricity": 0.0048842430115,
        "TimeOfApplicability": 81920.0,
        "OrbitalInclination": 0.0767709447,
        "RateOfRightAscension": -1.8057895e-09,
        "SquareRootOfSemiMajorAxis": 6493.190918,
        "RightAscenAtWeek": -1.108383885,
        "ArgumentOfPerigee": -2.387665814,
        "MeanAnomaly": -1.426052731,
        "ClockTimeBiasCoefficient": 0.0001840591,
        "ClockTimeDriftCoefficient": 1.09139e-11,
        "WeekNumber": 889
    },
    "28": {
        "Health": 0,
        "Eccentricity": 0.00018882751465,
        "TimeOfApplicability": 81920.0,
        "OrbitalInclination": 0.0213978336,
        "RateOfRightAscension": -7.15458373e-09,
        "SquareRootOfSemiMajorAxis": 5282.587402,
        "RightAscenAtWeek": -2.247886309,
        "ArgumentOfPerigee": -1.506418943,
        "MeanAnomaly": 2.325201038,
        "ClockTimeBiasCoefficient": 5.912781e-05,
        "ClockTimeDriftCoefficient": 3.63798e-12,
        "WeekNumber": 889
    },
    "27": {
        "Health": 0,
        "Eccentricity": 0.00058031082153,
        "TimeOfApplicability": 81920.0,
        "OrbitalInclination": 0.0215236679,
        "RateOfRightAscension": -7.15458373e-09,
        "SquareRootOfSemiMajorAxis": 5282.572754,
        "RightAscenAtWeek": -2.247679581,
        "ArgumentOfPerigee": 1.004287035,
        "MeanAnomaly": -0.930686292,
        "ClockTimeBiasCoefficient": 8.201599e-05,
        "ClockTimeDriftCoefficient": 7.27596e-12,
        "WeekNumber": 889
    },
    "16": {
        "Health": 0,
        "Eccentricity": 0.0051054954529,
        "TimeOfApplicability": 81920.0,
        "OrbitalInclination": 0.0185875328,
        "RateOfRightAscension": -2.02294141e-09,
        "SquareRootOfSemiMajorAxis": 6493.916504,
        "RightAscenAtWeek": 1.04136398,
        "ArgumentOfPerigee": -2.374837825,
        "MeanAnomaly": 2.941230644,
        "ClockTimeBiasCoefficient": 8.106232e-05,
        "ClockTimeDriftCoefficient": -7.27596e-12,
        "WeekNumber": 889
    },
    "12": {
        "Health": 0,
        "Eccentricity": 0.0013060569763,
        "TimeOfApplicability": 53248.0,
        "OrbitalInclination": 0.0441678609,
        "RateOfRightAscension": -6.98314802e-09,
        "SquareRootOfSemiMajorAxis": 5282.560547,
        "RightAscenAtWeek": -2.239790216,
        "ArgumentOfPerigee": -1.64540674,
        "MeanAnomaly": 0.60992327,
        "ClockTimeBiasCoefficient": 0.0003986359,
        "ClockTimeDriftCoefficient": 1.81899e-11,
        "WeekNumber": 889
    },
    "19": {
        "Health": 1,
        "Eccentricity": 0.00080299377441,
        "TimeOfApplicability": 81920.0,
        "OrbitalInclination": 0.0298766727,
        "RateOfRightAscension": -6.43455374e-09,
        "SquareRootOfSemiMajorAxis": 5282.588867,
        "RightAscenAtWeek": -0.167534221,
        "ArgumentOfPerigee": -1.228707376,
        "MeanAnomaly": -2.350199756,
        "ClockTimeBiasCoefficient": -0.0008964539,
        "ClockTimeDriftCoefficient": 0.0,
        "WeekNumber": 889
    },
    "20": {
        "Health": 0,
        "Eccentricity": 0.00059270858765,
        "TimeOfApplicability": 81920.0,
        "OrbitalInclination": 0.0298646885,
        "RateOfRightAscension": -6.43455374e-09,
        "SquareRootOfSemiMajorAxis": 5282.59082,
        "RightAscenAtWeek": -0.166908045,
        "ArgumentOfPerigee": -0.71780676,
        "MeanAnomaly": -2.114706366,
        "ClockTimeBiasCoefficient": 0.0007658005,
        "ClockTimeDriftCoefficient": -1.45519e-11,
        "WeekNumber": 889
    },
    "14": {
        "Health": 0,
        "Eccentricity": 0.0011167526245,
        "TimeOfApplicability": 69632.0,
        "OrbitalInclination": 0.0271622457,
        "RateOfRightAscension": -6.54884421e-09,
        "SquareRootOfSemiMajorAxis": 5282.581543,
        "RightAscenAtWeek": -0.167940187,
        "ArgumentOfPerigee": -0.495611741,
        "MeanAnomaly": -1.194800633,
        "ClockTimeBiasCoefficient": 0.000371933,
        "ClockTimeDriftCoefficient": 4.00178e-11,
        "WeekNumber": 889
    },
    "24": {
        "Health": 0,
        "Eccentricity": 0.0008487701416,
        "TimeOfApplicability": 81920.0,
        "OrbitalInclination": 0.0033735593,
        "RateOfRightAscension": -6.86885754e-09,
        "SquareRootOfSemiMajorAxis": 5282.577148,
        "RightAscenAtWeek": 1.931120774,
        "ArgumentOfPerigee": 0.75727718,
        "MeanAnomaly": -2.416210365,
        "ClockTimeBiasCoefficient": -0.000535965,
        "ClockTimeDriftCoefficient": 5.09317e-11,
        "WeekNumber": 889
    },
    "22": {
        "Health": 0,
        "Eccentricity": 0.00037670135498,
        "TimeOfApplicability": 81920.0,
        "OrbitalInclination": 0.0291576192,
        "RateOfRightAscension": -6.43455374e-09,
        "SquareRootOfSemiMajorAxis": 5282.588867,
        "RightAscenAtWeek": -0.165674419,
        "ArgumentOfPerigee": -0.012776307,
        "MeanAnomaly": 1.923459858,
        "ClockTimeBiasCoefficient": -0.0006837845,
        "ClockTimeDriftCoefficient": 1.81899e-11,
        "WeekNumber": 889
    },
    "5": {
        "Health": 1,
        "Eccentricity": 0.0011701583862,
        "TimeOfApplicability": 81920.0,
        "OrbitalInclination": 0.0361863671,
        "RateOfRightAscension": 8.6860761e-10,
        "SquareRootOfSemiMajorAxis": 6493.438965,
        "RightAscenAtWeek": -0.749066862,
        "ArgumentOfPerigee": -0.877125046,
        "MeanAnomaly": 2.341735148,
        "ClockTimeBiasCoefficient": 0.0002555847,
        "ClockTimeDriftCoefficient": 0.0,
        "WeekNumber": 889
    },
    "9": {
        "Health": 0,
        "Eccentricity": 0.010124206543,
        "TimeOfApplicability": 81920.0,
        "OrbitalInclination": 0.0078197068,
        "RateOfRightAscension": -2.0457995e-09,
        "SquareRootOfSemiMajorAxis": 6493.178223,
        "RightAscenAtWeek": 1.092761325,
        "ArgumentOfPerigee": -2.325266576,
        "MeanAnomaly": 2.586997929,
        "ClockTimeBiasCoefficient": 0.0002775192,
        "ClockTimeDriftCoefficient": 1.56433e-10,
        "WeekNumber": 889
    },
    "30": {
        "Health": 1,
        "Eccentricity": 0.00050210952759,
        "TimeOfApplicability": 81920.0,
        "OrbitalInclination": 0.0198279001,
        "RateOfRightAscension": -7.15458373e-09,
        "SquareRootOfSemiMajorAxis": 5282.569336,
        "RightAscenAtWeek": -2.286394245,
        "ArgumentOfPerigee": 0.232687209,
        "MeanAnomaly": -0.904195912,
        "ClockTimeBiasCoefficient": 9.536743e-07,
        "ClockTimeDriftCoefficient": 0.0,
        "WeekNumber": 889
    },
    "4": {
        "Health": 0,
        "Eccentricity": 0.0005030632019,
        "TimeOfApplicability": 81920.0,
        "OrbitalInclination": 0.0166101357,
        "RateOfRightAscension": 1.45148903e-09,
        "SquareRootOfSemiMajorAxis": 6493.414062,
        "RightAscenAtWeek": -1.081167711,
        "ArgumentOfPerigee": 3.045251844,
        "MeanAnomaly": 0.519634119,
        "ClockTimeBiasCoefficient": -0.0002031326,
        "ClockTimeDriftCoefficient": 1.23691e-10,
        "WeekNumber": 889
    },
    "23": {
        "Health": 1,
        "Eccentricity": 0.000244140625,
        "TimeOfApplicability": 81920.0,
        "OrbitalInclination": 0.0033795514,
        "RateOfRightAscension": -6.86885754e-09,
        "SquareRootOfSemiMajorAxis": 5282.555664,
        "RightAscenAtWeek": 1.931302784,
        "ArgumentOfPerigee": 0.633391753,
        "MeanAnomaly": 2.386907812,
        "ClockTimeBiasCoefficient": -0.0008716583,
        "ClockTimeDriftCoefficient": 0.0,
        "WeekNumber": 889
    },
    "3": {
        "Health": 0,
        "Eccentricity": 0.00081872940063,
        "TimeOfApplicability": 81920.0,
        "OrbitalInclination": 0.032770863,
        "RateOfRightAscension": 1.05147237e-09,
        "SquareRootOfSemiMajorAxis": 6493.360352,
        "RightAscenAtWeek": -0.770474433,
        "ArgumentOfPerigee": -0.153603309,